geo,name,1900,1901,1902,1903,1904,1905,1906,1907,1908,1909,1910,1911,1912,1913,1914,1915,1916,1917,1918,1919,1920,1921,1922,1923,1924,1925,1926,1927,1928,1929,1930,1931,1932,1933,1934,1935,1936,1937,1938,1939,1940,1941,1942,1943,1944,1945,1946,1947,1948,1949,1950,1951,1952,1953,1954,1955,1956,1957,1958,1959,1960,1961,1962,1963,1964,1965,1966,1967,1968,1969,1970,1971,1972,1973,1974,1975,1976,1977,1978,1979,1980,1981,1982,1983,1984,1985,1986,1987,1988,1989,1990,1991,1992,1993,1994,1995,1996,1997,1998,1999,2000,2001,2002,2003,2004,2005,2006,2007,2008,2009,2010,2011,2012,2013,2014,2015,2016,2017,2018,2019,2020,2021,2022
afg,Afghanistan,,,,,,,,,,,,,,,,,,,,,,,,,,,,,,,,,,,,,,,,,,,,,,,,,,,,,,,2000,,151,,,,,,,107,,,,,,,,100,161,,,,101,,120,,,,500,12,1,,,70,,,144,1427,614,225,160,381,70,175,7123,70,37,331,1286,137,18,582,382,296,1317,101,350,83,378,155,575,446,84,226,123,211,328,396,28
ago,Angola,,,,,,,,,,,,,,,,,,,,,,,,,,,,,,,,,,,,,,,,,,,,,,,,,,,,,,,,,,,,,,,,,,,,,,,,,,,,,,,,,,,,,,,,,,,,,,,,,,,,,59,115,8,15,28,,,105,7,62,25,130,,9,,75,113,11,8,71,33,22,
alb,Albania,,,,,,120,,,,,,,,,,,,,,,200,,,,,,,,,,60,90,,,,,,,,,,,43,,,,,,,,,,,,,,,,,,,,15,,,,,11,,,,,,,,,,,,35,,,1,,,125,,,,,,,11,,,4,,,,,,,7,,3,5,,,,,,,5,,,1,2,7,,51,,,
are,UAE,,,,,,,,,,,,,,,,,,,,,,,,,,,,,,,,,,,,,,,,,,,,,,,,,,,,,,,,,,,,,,,,,,,,,,,,,,,,,,,,,,,,,,,,,,,,,,,,,,,,,,,,,,,,,,,,,,,,,,,,,,,
arg,Argentina,,,,,,,,,,,,,,,,,,,,,400,,,,,,,,,,,,,,,,,,,,,,,,10000,,,,,,,,,,,,,,360,,,,,,,45,62,56,,,36,,100,60,100,20,,70,5,,41,,,,30,43,4,1,25,,21,,45,15,24,6,,,19,,37,35,11,39,10,11,,19,,23,42,,25,56,27,19,,1,2,14,3,15,
arm,Armenia,,,,,,,,,,,,,,,,,,,,,,,,,,,,,,,,2890,,,,,,,,,,,,,,,,,,,,,,,,,,,,,,,,,,,,,,,,,,,,,,,,,,,,,,,,,,,,,,,,,,4,,,,,,,1,,,,,,,,,,,,,,,,,,
atg,Antigua and Barbuda,,,,,,,,,,,,,,,,,,,,,,,,,,,,,,,,,,,,,,,,,,,,,,,,,,,2,,,,,,,,,,2,,,,,,,,,,,,,,,,,,,,,,,,,,,,,2,,,,,,2,,,2,2,,,,,,,,,,,,,,,,,,1,,,,,
aus,Australia,,,,,,,,,,,,,,,,,,,,,,,,,,,,,,,,,,,,,,,,71,,,,,49,,,,,,,,,,,70,,,,,,,,,,,,662,12,,13,30,,12,90,,,3,12,15,,2,1,75,36,38,15,,17,25,12,,2,18,36,9,21,21,20,8,1,6,2,6,6,16,4,11,8,535,36,1,4,9,141,16,8,12,,35,1,7,
aut,Austria,,,,,,,,,,,,,,,,,,,,,,,,,,,,,,,,,,,,,,,,,,,,,,,,,,,,,28,,210,,,,,,,,,,,,,,,,,,,,,15,,,,,,,12,,42,12,,,,,3,5,,,,2,,3,,53,13,,12,345,,4,,5,4,3,,,5,4,,,,5,,12,,1,
aze,Azerbaijan,,,86,,,,,,,,,,,,,,,,,,,,,,,,,,,,,,,,,,,,,,,,,,,,,,,,,,,,,,,,,,,,,,,,,,,,,,,,,,,,,,,,,,,,,,,,,,,,,5,,11,1,1,42,,,,,,,,,,3,,5,,,,,,,,,,
bdi,Burundi,,,,,,,,,,,,,,,,,,,,,,,,,,,,,,,,,,,,,,,,,,,,,,,,,,,,,,,,,,,,,,,,,,,,,,,,,,,,,,,,,,,,,,,,,,12,,,,,,,,,,6,,,,,3,120,22,5,9,,9,12,,,96,63,,6,,61,5,,
bel,Belgium,,,,,,,6,,,,,,,,,,,,,,,,,,,,,,,,60,,,,,,,,,,,,,,,,,,,,,,,11,,,4,,,,,,,12,,,,,,,,,,,,,,,,,,,,2,,,,,,,16,,,,,6,,,1,2,,,7,1175,,2,940,2,1,,4,5,3,,,410,2,,1,716,1460,43,
ben,Benin,,,,,,,,,,,,,,,,,,,,,,,,,,,,,,,,,,,,,,,,,,,,,,,,,,,,,,,,,,,,,,,,,,,,,,,,,,,,,,,2,,,,,,,61,,,,,,3,,,,20,11,,,3,,,,,,,,10,15,10,46,,4,1,,,,,,,6,9,
bfa,Burkina Faso,,,,,,,,,,,,,,,,,,,,,,,,,,,,,,,,,,,,,,,,,,,,,,,,,,,,,,,,,,,,,,,,,,,,,,,,,,,,,,,,,,,,,,,,,16,,,,,,22,,,,,6,,,,,,,,52,6,9,16,,18,2,,8,15,2,,,13,,
bgd,Bangladesh,,,,,,,,,,172,,,,,,,,,,,,,,6,,,,,,,,,,,,,,,,,,5000,61000,1900000,,,,500,,,,200,,,,,,,500,,18149,11266,,22109,300,48921,889,91,339,849,300317,163,250,2327,31500,,215,647,1047,71,666,1085,,930,1200,15155,214,2292,3506,1166,1022,139434,40,646,350,1614,881,560,1491,330,191,253,832,529,1002,332,154,5635,68,348,107,102,344,50,79,159,198,323,102,260,283,24,
bgr,Bulgaria,,,,,,,,,,,,,,,,,,,,,,,,,,,,,107,,,,,,,,,,,,,,,,,,,,,,,,,,,,,,,,,,,,,11,,,,,,,,,,,,20,,,,,,,,,3,,,,1,,,,,,,,3,,14,2,1,,,57,,17,10,,3,,38,,21,5,,,,,,,
bhr,Bahrain,,,,,,,,,,,,,,,,,,,,,,,,,,,,,,,,,,,,,,,,,,,,,,,,,,,,,,,,,,,,,,,,,,,,,,,,,,,,,,,,,,,,,,,,,,,,,,,,,,,,,,,,,,,,,,,,,,,,,,,,,,,
bhs,Bahamas,,,,,,,,,,,,,,,,,,,,,,,,,,,,,,,,,,,,14,,,,,,,,,,22,,,,,,,,,,,,,,,,,,,,,5,,,,,,,,,,,,,,,,,,,,,,,,,,4,,,,,,,1,,,,,12,1,,1,,,,,1,,,33,,,,356,,,
bih,Bosnia and Herzegovina,,,,,,,,,,,,,,,,,,,,,,,,,,,,,,,,,,,,,,,,,,,,,,,,,,,,,,,,,,,,,,,,,,,,,,,,,,,,,,,,,,,,,,,,,,,,,,,,,,,,,6,,,,,4,,,,1,5,,4,,26,,,,,1,,,
blr,Belarus,,,,,,,,,,,,,,,,,,,,,,,,,,,,,,,,,,,,,,,,,,,,,,,,,,,,,,,,,,,,,,,,,,,,,,,,,,,,,,,,,,,,,,,,,,,,,,,,,,5,,2,,,,,,5,,,,,,,,4,2,,,43,,,,,
blz,Belize,,,,,,,,,,,,,,,,,,,,,,,,,,,,,,,,1500,,,,,,,,,,,,,,,,,,,,,,,,16,,,,,,275,,,,,,,,,,,,,,,,,5,,,,,,,,,,,,,,,,,,,,9,,14,30,,,,3,,,8,,,,,,,,,,,,,,
bol,Bolivia,,,,,,,,,,,,,,,,,,,,,,,,,,,,,,,,,,,,,,,,,,,,,,,,,,,,,,,,,,,,,,,,,,40,14,,24,,,,,,31,,,10,40,,,,,250,,,29,25,,,,,53,,5,,40,56,155,3,36,50,96,143,,,25,115,,,30,52,13,136,137,,4,,6,83,25,50,
bra,Brazil,,,,,,,,,,,,,,,,,,,,,,,,,,,,,,,,,,,,,,,,,,,,,,,,,200,100,,,,,,,66,112,,159,,,,,100,22,946,1256,113,316,172,239,,20,326,244,,72,26,300,82,97,33,176,273,123,29,107,732,303,24,44,137,,,238,186,93,14,32,115,98,104,255,39,49,20,70,203,168,395,978,3,121,41,28,33,14,22,47,163,63,10
brb,Barbados,,,,,,,,,,,,,,,,,,,,,,,,,,,,,,,,,,,,,,,,,,,,,,,,,,,,,,,,57,,,,,,,,,,,,,,,3,,,,,,,,,,,,,,,,,,,,,,,,,,,,,,,,,,1,,,,,,,,,,,,,1,,,,,
brn,Brunei,,,,,,,,,,,,,,,,,,,,,,,,,,,,,,,,,,,,,,,,,,,,,,,,,,,,,,,,,,,,,,,,,,,,,,,,,,,,,,,,,,,,,,,,,,,,,,,,,,,,,,,,,,,,,,,,,,,,,,,,,,,
btn,Bhutan,,,,,,,,,,,,,,,,,,,,,,,,,,,,,,,,,,,,,,,,,,,,,,,,,,,,,,,,,,,,,,,,,,,,,,,,,,,,,,,,,,,,,,,,,,,,,,,39,,,,,,200,,,,,,,,,23,,1,,,,,,,,,,10,
bwa,Botswana,,,,,,,,,,,,,,,,,,,,,,,,,,,,,,,,,,,,,,,,,,,,,,,,,,,,,,,,,,,,,,,,,,,,,,,,,,,,,,,,,,,,,,,,,8,,,,,,,20,,,,,3,,,,,,,,,,,,,12,,,,,,,,,
caf,Central African Republic,,,,,,,,,,,,,,,,,,,,,,,,,,,,,,,,,,,,,,,,,,,,,,,,,,,,,,,,,,,,,,,,,,,,,,,,,,,,,,,,,,,,,,,,,,,,,,,,,7,,,,,3,1,,3,1,,1,,4,3,1,,,,1,,,,,,,
can,Canada,,,,76,,18,,,33,,62,73,28,,,56,,,,,,,43,,,,,,27,,,,,,,,500,,,,,,,,,,17,,,,1,,,,83,3,,,,6,,,33,,,26,,,,,10,31,,,,14,,,,,,,,,,12,,27,2,1,8,,,,,2,10,5,31,7,11,11,,7,,4,1,6,,2,,8,,14,,,,2,70,2,1,815,
che,Switzerland,,,,,,,,,,,,,,,,,,,,,,,,,,,,,,,,,,,,,,,,,,,,,,,,,,,,92,,,,,,,,,,,,,,90,,,20,,30,,,,,13,,,,,,,,,,,,1,,,5,,,2,,,,,,45,16,,5,1039,,6,1,1,,,,,11,,2,,,8,,4,,,
chl,Chile,,,,,,,20000,,,,,,,,,,,,,,,,1000,,,,,,220,,,,,,,,,,,30000,,,,12,,,2,,100,41,,,,15,,,,,,,6000,,,,4,1084,4,,,,,85,,,32,,,15,4,30,,,,4,127,180,39,164,,21,,141,,115,,33,,44,,,16,6,19,,3,61,18,18,9,,562,1,8,,18,204,12,42,,8,,,
chn,China,,,2500,,,,280,12000,,21,,100000,50000,942,,170,,1800,10000,,680000,,100000,5000,100,5012,,45912,3000000,,242,3710000,,28200,500,142100,145,390,,500000,181,147,120,,,17,,,3040,57021,500,4800,54,,32000,39,4000,560,,2001971,,,,,686,,,,,3000,10107,,,,20000,22000,242000,,,42,6491,2465,551,921,144,1661,683,881,3969,3161,1324,4317,1449,1565,3203,2436,5612,1633,4501,1727,678,922,1426,1092,807,1020,2109,1161,88450,582,7186,746,802,1395,1575,500,1287,514,354,572,463,455,13
civ,Cote d'Ivoire,,,,,,,,,,,,,,,,,,,,,,,,,,,,,,,,,,,,,,,,,,,,,,,,,,,,,,,,,,,,,,,,,,,,,,,,,,,,,,,,,,,,,,,,,,,,,,,,,28,,,,,,,,,,,,6,27,18,,,,46,16,20,15,20,12,24,,
cmr,Cameroon,,,,,,,,,,,,,,,,,,,,,,,,,,,,,,,,,,,,,,,,,,,,,,,,,,,,,,,,,,,,,,,,,,,,,,,,,,,,,,,,,,,,,37,,1746,,2,,,2,,,6,,,,,24,3,30,,20,,2,,8,9,,13,,25,,,4,,3,,54,,,
cod,"Congo, Dem. Rep.",,,,,,,,,,,,,,,,,,,,,,,,,,,,,,,,,,,,,,,,,,,,,,,,,,,,,,,,,,,,,,,,,,,24,,154,,,,,,,,,147,,,,,,,,,,,,,23,,9,,39,,,,,2,,62,240,29,,14,4,32,36,,54,,1,,165,55,50,279,51,80,83,32,
cog,"Congo, Rep.",,,,,,,,,,,,,,,,,,,,,,,,,,,,,,,,,,,,,,,,,,,,,,,,,,,,,,,,,,,,,,,,,,,,154,,,,,,,,,,,,,,,,,,,,,,,,,,,,,,,,2,,,,,,1,6,,,,,,19,,,,,,,,20,24,
col,Colombia,,,,,,,400,,,,,,,,,,,,,,,,,300,,,100,,,,,,,,,,18,,,,,,,,,,,,,1000,211,,,,187,,,,111,184,,,182,,,32,,81,,,407,251,70,225,401,,60,,,701,40,225,120,411,,21800,278,674,146,16,10,107,11,170,308,141,17,2,104,1276,115,99,135,115,116,180,150,218,153,53,624,313,77,7,88,104,10,384,26,84,66,42,
com,Comoros,,,,17,,,,,,,,,,,,,,,,,,,,,,,,,,,,,,,,,,,,,,,,,,,,,,,,500,,,,,,,,,,,,,,,,,,,,,,,,,,1,,,,,,33,,2,,24,,,,,,,,,,,,,,,,,,1,,,,2,,,4,,,,,,,8,,,
cpv,Cape Verde,11000,,,,,,,,,,,,,,,,,,,,24000,,,,,,,,,,,,,,,,,,,,20000,,,,,,30000,,,,,,,,,,,,,,,,,,,,,,,,,,,,,,,,,,,,3,,29,,,,,,,,,,,,,,,,,,,,,,,,,3,,,,,,9,,,,,,,
cri,Costa Rica,,,,,,,,,,,2450,,,,,,,,,,,,,,,,,,,,,,,,,,,,,,,,,,,,,,,,,,29,,,10,,,,,,,,15,,,,,87,7,24,,,21,,2,,,,,1,,,12,,,,,35,,1,48,,12,2,,60,,8,9,7,,10,3,10,6,,19,11,31,27,4,8,,,,9,13,1,,,3,
cub,Cuba,,,,,,,,,,,,,,,,,,,,,,,,,,,600,,,,,,2500,,,35,,,,,,,,,,,,,14,,,,,,,,,,,,,,,1750,,,5,,,,20,,,,,,1,7,6,,3,,24,15,,4,,,23,,4,,,51,14,2,3,,6,4,2,5,3,,4,20,2,1,7,,,,14,2,,3,,10,9,6,,,
cyp,Cyprus,,,,,,,,,,,,,,,,,,,,,,,,,,,,,,,,,,,,,,,,,,,,,,,,,,,,,,40,,,,,,,,,,,,,,,,3,,,,,,,,,,,,,,,,,,,,,,,,,,2,,,52,,5,,,,,,,4,,,,,,,,,,,,,,4,
cze,Czech Republic,,,,,,,,,,,,,,,,,,,,,,,,,,,,,,,,,,,,,,,,,,,,,,,,,,,,,,,,,,,,,,,,,,,,,,,,,,,,,,,,,,,,,,,,,,,,,,,,,1,29,6,,,,20,418,,16,6,4,2,15,23,,32,15,,,,,3,,1,6,
deu,Germany,,,,,,,,,,,,,,,,,,,,,,,,,,,,,,,,,,,,,,,,,,,,,,,,,,,,,,,,,,,,,,,,,,,,,,,,,,,,,,,,,,,,,,,,,,,64,,1,11,13,5,,30,3,30,,6,49,9370,2,14,13,19,9,15,8,4,6,11,8,,7,5,5,5,,206,
dji,Djibouti,,,,,,,,,,,,,,,,,,,,,,,,,,,,,,,,,,,,,,,,,,,,,,,,,,,,,,,,,,,,,,,,,,,,,,,,,,,,,,,,,,25,,,,,,,,10,,,,,145,,,,,,,,,,51,,,,,,,,,,,,,,2,11,8,,
dma,Dominica,,,,,,,,,,,,,,,,,,,,,,,,,,,,,,,2000,,,,,,,,,,,,,,,,,,,,,,,,,,,,,,,,,,,,,,,,,,,,,,,,,40,,,,,2,,,,,,,,,,,2,,,,,,,,,,,,2,,,,,,,,30,,64,,,,,
dnk,Denmark,,,,,,,,,,,,,,,,,,,,,,,,,,,,,,,,,,,,,,,,,,,,,,,,,,,,,,,,,,,,,,,,,,,,,,,,,,,,,,,,,,9,,2,,,,,,,1,,,,,,,,,7,,,1,,,4,,,,,,,,2,,,,,,,,,
dom,Dominican Republic,,,,,,,,,,,,,,,,,,,,,,,,,,,,,,,2000,,,,,,,,,,,,,,,,73,,,,,,,,,,,,,,,,,400,7,,74,,,,,,,,,,,,,1432,7,20,,,,12,12,3,,,,10,,30,,11,27,,347,,,3,3,21,703,12,,175,13,7,7,11,8,,1,2,21,5,,,6,2,
dza,Algeria,,,,,,,,,,,12,,,,,,,,,,,,,,,,,3000,,,,,,,,,,,,,,,,,,,276,,,,,,25,,1250,,,,,,57,,,,,2,57,30,,76,,,,21,11,,,,,,2633,43,37,,54,56,,1,,22,,,21,37,233,,4,4,,34,48,921,48,2369,22,22,5,90,93,48,,10,69,,6,12,,,6,8,,103,
ecu,Ecuador,,,,,,,,,,,,,,,,,,,,,,,,,40,,,,,,,190,,,,,,,,,,,200,,,,,,,6000,50,,,71,,,,,,,,,,,,,50,,,,49,20,,25,,,81,,,,8,,307,100,,,,5102,,35,4,,22,460,,3,27,245,3,,78,58,91,,,,21,,41,3,14,7,34,24,3,12,682,,,16,,6,
egy,Egypt,,,,,,,,,,,,,,,,,,,,,,,,,,,12,,,,,,,,,,,,,,,,,,,,,,,,,,,,,20,,,,,,,,,,,,,,2,,,,,,15,,,,53,,,,,,,,30,,,,1,552,34,600,49,34,22,,,3,,18,,13,,,,98,,58,,,,,141,26,,,,40,3,
eri,Eritrea,,,,,,,,,,,,,,,,,,,,,,,,,,,,,,,,,,,,,,,,,,,,,,,,,,,,,,,,,,,,,,,,,,,,,,,,,,,,,,,,,,,,,,,,,,,,,,3,,,,,,,,,,,,,,,,,,,,,,,,,,,,,
esp,Spain,,,,,,,,,,,,,,,,,,,,,,,,,,,,,,,,,,,,,,,,,,20,,,,,,,,,,,,50,,,11,77,,,,,445,,,,,,,,,400,,519,,,,,2,20,,,77,45,26,40,,5,,45,9,,,,42,30,85,26,,6,38,10,6,15095,29,20,25,6,,20,5,11,14,,3,8,5,4,24,27,17,4,
est,Estonia,,,,,,,,,,,,,,,,,,,,,,,,,,,,,,,,,,,,,,,,,,,,,,,,,,,,,,,,,,,,,,,,,,,,,,,,,,,,,,,,,,,,,,,,,,,,,,,,,,,,,,,,,,3,,,,,,,1,,,,,,7,,,,
eth,Ethiopia,,,,,,,,,,,,,,,,,,,,,,,,,,,,,,,,,,,,,,,,,,,,,,,,,,,,,,,,,,,,,,30,,,,2000,,,1,24,,,,100000,,,,71,9,,,,,300000,,9,,367,45,,,13,,2,26,27,40,326,,48,73,5,22,119,,211,951,22,45,,19,,,,,,128,,44,23,34,,
fin,Finland,,,,,,,,,,,,,,,,,,,,,,,,,,,,,,,,,,,,,,,,,,,,,,,,,,,,,,,,,,,,,,,,,,,,,,,,,,,,,,,,,,,,,,,,,,,,,,,,,,,,,,,,,,,,,,,,,,,,,,,,,,,
fji,Fiji,,,,,,,,,,,,,,,,,,,,,,,,,,,,,,,,200,,,,,,,,,,6,,,,,,,,,,,23,,,,,,,,,,,,1,2,,,,,,,3,59,,,,,,53,18,,,9,,32,20,1,,10,,,1,21,,,,25,,12,4,1,,17,16,,4,7,7,14,2,,17,,,,47,,7,1,8,6,
fra,France,,,,,,,,,,46,,,,,,,,,,,,,,,,,28,,,,40,,30,,,,,,,,,,,,,,,,,80,,,,,,,,,35,,,21,,,,,,6,,23,114,,,,,,,26,3,11,6,,30,55,4,6,5,27,10,9,62,20,51,16,13,16,5,23,15,146,11,17,28,19511,11,13,1393,5,7,16,81,6,12,4,22,3298,5,3,23,1451,1944,2,
fsm,"Micronesia, Fed. Sts.",,,,,,,,,,,,,,,,,,,,,,,,,,,,,,,,,,,,,,,,,,,,,,,,,,,,,,,,,,,,,,,,,,,,,,,,,,,,,,,,,,,,,,,,5,,,,,,,,,,,,,,,47,,1,,,,,,,,,,,5,,,,,,,
gab,Gabon,,,,,,,,,,,,,,,,,,,,,,,,,,,,,,,,,,,,,,,,,,,,,,,,,,,,,,,,,,,,,,,,,,,,,,,,,,,,,,,,,,,,,,,,,,,,,,,,,,,,,,,,,,,,,,,,,1,,,,,,,,,,
gbr,UK,,,,,,,,,,,,,,,,,,,,,,,,,,,,,,,,,,,,,,,,,,,,,,,,,,,,,4034,,,,,,,,,,,,,,140,,20,,,,,,,,,6,,,,12,,5,22,,,20,,13,83,48,,4,7,9,5,15,40,11,16,,15,301,,11,,27,8,8,,,8,773,5,3,,,,6,2558,1,
geo,Georgia,,,,,,,,,,,,,,,,,,,,,,,,,,,,,,,,,,,,,,,,,,,,,,,,,,,,,,,,,,,,,,,,,,,,,,,,,,,,,,,,,,,,,,,,,,,,8,1,,,1,,7,,,,,6,,1,,,,,,,7,5,,,40,,,,,,,
gha,Ghana,,,,,,,,,,,,,,,,,,,,,,,,,,,,,,,,,,,,,,,,22,,,,,,,,,,,,,,,,,,,,,,,,,,,,,,,,,,,,,,,,,,,,,,4,,,,7,,5,,,,145,,,,52,,12,4,,,,,56,,40,63,20,,5,,25,10,20,34,32,7,9,
gin,Guinea,,,,,,,,,,,,,,,,,,,,,,,,,,,,,,,,,,,,,,,,,,,,,,,,,,,,,,,,,,,,,,,,,,,,,,,,,,,,,,,,,,,,275,,,,,,,,,,,,,,,12,,4,9,,,,,,,,2,8,,,,,16,,,,,,5,
gmb,Gambia,,,,,,,,,,,,,,,,,,,,,,,,,,,,,,,,,,,,,,,,,,,,,,,,,,,,,,,,,,,,,,,,,,,,,,,,,,,,,,,,,,,,,,,,,,,,,,,,,,,,53,,1,,3,2,,,,,5,9,,,2,,,,6,,4,,10,
gnb,Guinea-Bissau,,,,,,,,,,,,,,,,,,,,,,,,,,,,,,,,,,,,,,,,,,,,,,,,,,,,,,,,,,,,,,,,,,,,,,,,,,,,,,,,,,,,,,,,1,,,,,,,,,,,3,,,,,,3,,,,,,2,,,,,,,,3,,,,
gnq,Equatorial Guinea,,,,,,,,,,,,,,,,,,,,,,,,,,,,,,,,,,,,,,,,,,,,,,,,,,,,,,,,,,,,,,,,,,,,,,,,,,,,,,,,,,,,,,,,,,,,,,,,,,,,,,,,,,,,,,,,,,,,,,,,,,,
grc,Greece,,,,,4,,,,,,,,,,14,,,,,,,,,,,,,,103,,22,,151,,,,,,,,,,,,,,,3,2,,,,,476,56,8,53,,,,,43,,,,70,2,9,19,,,,,,,,,27,50,15,1,24,,12,,23,20,1048,56,,4,5,,1,14,52,,9,17,143,37,11,2,,,,4,86,2,,1,,6,,3,3,4,26,100,7,10,3,
grd,Grenada,,,,,,,,,,,,,,,,,,,,,,,,,,,,,,,,,,,,,,,,,,,,,,,,,,,,,,,,,,,,,,,,6,,,,,,,,,,,,,,,,,,,,,,,,,,,,,,,,,,,,,,,,,39,,,,,,,,,,,,,,,,,,
gtm,Guatemala,,,9000,,,,,,,,,,,,,,,2650,,,,,,,,,,,,,,,,,,,,,,,,,,,,,,,,40000,,,,,,,,,,,,,,,,,,,,269,,,,5,,,23000,,,,,,620,,,,,84,5,10,,37,,,10,31,,,435,14,36,55,70,22,,1583,6,11,74,36,227,83,44,1,6,358,10,20,463,4,167,2,
guy,Guyana,,,,,,,,,,,,,,,,,,,,,,,,,,,,,,,,,,,,,,,,,,,,,,,,,,,,,,,,,,,,,,,,,,,,,,,,,,,,,,,,,,,,,,,,,,,,,,,,,,,,,,,,,,34,,,,,,,,,,,,,,,,,
hnd,Honduras,,,,,,,,,,,,,,,,,,,,,,,,,,,,,,,,1500,,,,,,,,,,,,,,,,,,,,,,,,,,,,,,275,,,,,,,,,,,,2800,8000,,20,,,1,,,130,,,,,,19,10,5,,,413,151,32,8,,14600,34,,21,11,10,,61,4,7,67,7,144,33,,,4,,7,21,6,,132,,
hrv,Croatia,,,,,,,,,,,,,,,,,,,,,,,,,,,,,,,,,,,,,,,,,,,,,,,,,,,,,,,,,,,,,,,,,,,,,,,,,,,,,,,,,,,,,,,,,,,,,,,,,,,,,41,,,788,,7,,12,,,,,7,,3,,,,,1,9,,
hti,Haiti,,,,,,,,,,150,,,,,,1600,,,,,,,,,,,,,,,,,,,,2150,,,,,,,,,,,,,,,,,6,,672,,,,,50,,,26,5500,100,,480,,,,,,78,,,,,,,8,220,,,,,,148,33,81,,,,,13,1122,,84,,190,13,16,26,35,88,5422,88,16,163,698,21,222641,39,130,6,12,11,599,35,17,14,39,2584,
hun,Hungary,,,,,,,,,,,,,,,,,,,,,,,,,,,,,,,,,,,,,,,,,,,,,,,,,,,,,,,,,,,,,,,,,,,,,,,300,,,,,,,,,,,,,,4,,,,,,,,,,,,,,,48,1,81,,7,,52,5,500,17,,1,,16,,,,,,179,,,,
idn,Indonesia,,,,,,,,,,,,,,138,20,,,15000,,5000,,,,,787,,,50,128,,1369,1300,6,,,,26,,,,,,,213,,,,,,,16,1300,,114,37,405,300,,8,,,,,1690,,71,9264,299,212,64,82,1,,1650,10,,1354,210,133,1082,253,1007,603,41,258,52,259,459,229,144,230,230,2632,134,609,239,285,933,41,106,539,587,273,534,165946,1238,7421,576,144,1485,1294,129,107,173,243,84,270,99,5310,469,210,483,
ind,India,1250000,,,,,20000,,,,,,,,,,,300,,,,,,,,1242,80,,685,36,,,,,,,60100,233,,,,,,1540000,5000,304,,,,500,1000,1735,,750,480,30,2120,290,187,708,621,237,3457,173,512,732,1500100,80,1477,7459,815,1053,11041,230,261,280,898,270,14766,5635,1519,2856,1658,2076,1634,1574,2162,800,1880,3511,1915,2361,2641,1252,11251,2395,2934,2876,2476,8617,11178,2568,20956,2811,2251,17737,4291,1431,2236,1808,1993,1244,1038,599,7119,1072,3400,1129,2346,1396,2307,2316,1927,
irl,Ireland,,,,,,,,,,,,,,,,,,,,,,,,,,,,,,,,,,,,,,,,,,,,,,,,,,,,,,,,,,,,,,,,,,,,,,,,,,,,,,,,,,,,10,,,11,,,,2,,,3,,,2,,2,8,1,,,,,,,,,,,2,,,1,1,,,2,,,,
irn,Iran,,,,350,,,,,,5000,,700,,,,,,,,,,,,2647,,500,,,,3253,1360,,1070,,,750,12,,,,,730,,,20,20,,400,200,,72,225,,1871,2000,,1350,5666,191,,480,60,12000,,,20,42,,10768,70,219,,5117,,,14,16,1114,25045,565,306,3458,,33,,1,266,867,91,100,40042,78,68,805,53,27,58,2781,211,102,14,476,291,26817,75,734,77,24,56,,11,,319,45,38,52,4,509,11,83,52,26,6
irq,Iraq,,,,,,,,,,,,,,,,,,,,,,,,,,,,,,,,,,,,,,,,,,,,,,,,,,,,,,,,,,,,,,,,,,,,,,,,,,,,,,,,,,,,,,,,,,,,20,,,,,,,,,,,,,,,20,,4,2,,6,4,11,,58,,10,21,10,8,16,
isl,Iceland,,,,,,,,,,,,,,,,,,,,,,,,,,,,,,,,,,,,,,,,,,,,,,,,,,,,,,,,,,,,,,,,,,,,,,,,,,,12,,1,,,,,,,4,,,,,,,,,,,,34,,,,,,,,,,,,,,,,,,,,,,,,,,,
isr,Israel,,,,20,,,,,,,,,,,,,,,,,,,,,,,,,,,,,,,,,,,,,,,,,,,,,,,,,,,,,,,,,,,,,,,,,,,20,,,,,,,,,,,,,,,,,,,,,5,,,,,,15,,,3,,,,,,,,,,46,,,4,,,,,12,,7,,
ita,Italy,,,,,,557,700,,75000,,,,,,120,29980,,,,,1400,,100,,,,,,,,1901,,,10,,,,,,10,,,,,26,,,,105,,,163,,100,297,,,,,,12,,16,1917,,92,70,,296,,72,22,3,38,,12,945,23,6,14,4689,12,,7,4,329,2,90,,,27,,2,8,72,,17,36,170,1,46,2,34,20092,2,9,5,17,9,335,3,29,73,18,15,9,299,44,23,5,19,1,
jam,Jamaica,300,,,65,,,,1200,,53,,,142,,,,,57,,,,,,4,,,,,,,,,,63,,,,151,,,125,,,,32,,,,,,,154,,,,,,,,,,,,11,,,,,,,,,,6,,,,,,44,6,,,,,7,54,9,49,,,15,,9,4,,,,,,,1,13,,16,6,1,5,13,,15,,1,,,,,,,,,,
jor,Jordan,,,,,,,,,,,,,,,,,,,,,,,,,,,,268,,,,,,,,,,,,,,,,,,,,,,,,,,,,,,,,,,,,25,,8,259,,,,,,,,,,,,,,,,,,,,,9,,,,10,15,,,,,2,,,9,,5,,,,,,,,,,,,,,,,34,,,,
jpn,Japan,30,18,125,,,52,,,,41,1379,12,1000,,234,,,4000,,,,,27,146200,,395,144,3022,,,259,,,3000,3006,,,,933,27,,,,2390,1223,6503,2000,3930,5999,617,636,1249,238,4246,2253,343,130,1101,1950,5305,179,663,71,133,311,289,358,779,171,72,,135,588,101,331,98,169,40,67,94,29,203,673,465,34,49,64,10,27,43,67,144,11,438,10,5300,20,28,57,86,32,25,7,46,271,136,62,87,76,77,180,19976,173,400,301,71,101,49,435,288,84,72,
kaz,Kazakhstan,,,,,,,,,,,,450,,,,,,,,,,,,,,,,,,,,,,,,,,,,,,,,,,,,,,,,,,,,,,,,,,,,,,,,,,,,,,,,,,,,,,,,,,,,,,,,,,10,,112,,,,,,3,,3,48,,,,1,,44,2,,,5,2,,,,,,,
ken,Kenya,,,,,,,,,,,,,,,,,,,,,,,,,,,,,,,,,,,,,,,,,,,,,,,,,,,,,,,,,,,,,,,,,,,,,,,,,,,,,,100,,,,,75,,,,,,50,,44,,,,,,,86,40,85,,4,101,40,135,53,212,39,69,56,204,33,73,128,,138,42,26,134,187,285,11,
kgz,Kyrgyz Republic,,,,,,,,,,,,,,,,,,,,,,,,,,,,,,,,,,,,,,,,,,,,,,,,,,,,,,,,,,,,,,,,,,,,,,,,,,,,,,,,,,,,,,,,,,,,,58,,162,,,,1,,11,,,38,49,3,4,,74,,,,16,,,,,24,,,,15,
khm,Cambodia,,,,,,,,,,,,,,,,,,,,,,,,,,,,,,,,,,,,,,,,,,,,,,,,,,,,,,,,,,,,,,,,,,,,,,,,,,,,,,,,,,,,,,,,,,,,100,,,506,,59,25,,7,347,56,29,,,16,5,2,,19,8,247,14,200,45,,,,,12,38,1,
kir,Kiribati,,,,,,,,,,,,,,,,,,,,,,,,,,,,,,,,,,,,,,,,,,,,,,,,,,,,,,,,,,,,,,,,,,,,,,,,,3,,,,,,,,,,,,,,,,,,,,,,,,,,,,,,,,,,,,,,,,,,,,,,,,,,
kna,St. Kitts and Nevis,,,,,,,,,,,,,,,,,,,,,,,,,,,,,,,,,,,,,,,,,,,,,,,,,,,,,,,,,,,,,,,,,,,,,,,,,,,,,,,,,,,,,,,,,,1,,,,,,,,,5,,,,,,,,,,,,,,,,,,,,,,,,
kor,South Korea,,,,,,,,,,,,,,,,,,,,,,,,,,,,,,,,,,,,,1104,,,,,,,,,,,,,,,,,,,,103,485,,494,,249,290,116,210,323,95,,18,493,67,109,747,,,,25,315,27,115,165,113,68,,213,57,33,669,25,109,194,126,5,43,28,73,104,15,503,68,55,81,225,130,24,29,46,23,10,,12,121,22,,41,,15,,,21,81,,
kwt,Kuwait,,,,,,,,,,,,,,,,,,,,,,,,,,,,,,,,,,,,,,,,,,,,,,,,,,,,,,,,,,,,,,,,,,,,,,,,,,,,,,,,,,,,,,,,,,,,,,,,,,2,,,,,,,,,,,,,,,,,,,,,1,,,,
lao,Lao,,,,,,,,,,,,,,,,,,,,,,,,,,,,,,,,,,,,,,,,,,,,,,,,,,,,,,,,,,,,,,,,,,,300,,2,,,14,,,,,,,31,,,,,,14,,,,,,,,32,8,,26,30,,,,15,,2,,,,,,6,26,,48,,23,,4,5,,136,19,2,,
lbn,Lebanon,,,,,,,,,,,,,,,,,,,,,,,,,,,,,,,,,,,,,,,,,,,,,,,,,,,,,,,,440,136,,,,,,,,,,,,,,,,,,,,,,,,,,,20,,,,,,,,,25,,,,,,,,,,,,,,,1,,,,,,,,5,,,15,3,,,
lbr,Liberia,,,,,,,,,,,,,,,,,,,,,,,,,,,,,,,,,,,,,,,,,,,,,,,,,,,,,,,,,,,,,,,,,,,,,,,,,,,,,,,,,,,46,,,,,,,,,,,,,,,,10,,,,,,,,,1,,2,1,,,,,,,,,,,,
lby,Libya,,,,,,,,,,,,,,,,,,,,,,,,,,,,,,,,,,,,,,,,,,,,,,,,,,,,,,,,,,,,,,,,300,,,,,,,,,,,,,,,,,,,,,,,,,,,,,,,,,,,,,,,,,,,,,,,,,,16,,,,,,4,,,
lca,St. Lucia,,,,,,,,,,,,,,,,,,,,,,,,,,,,,,,,,,,,,,,,,,,,,,,,,,,,,,,,,,,,,,,,10,,,,,,,,,,,,,,,,,9,,,,,,,,,,,,,,4,,,,,,,,,,,,,1,,,14,,,6,,,,,,,,1,
lka,Sri Lanka,,,,,,,,,,,,,,,,,,,,,,,,,,,,,,,,,,,,,,,,,,,,,,,,,,,,,,,,,,200,,,,,,,206,,23,24,,62,,,,,27,,,27,750,,,7,54,3,51,,43,,,325,33,27,15,73,,3,,10,3,6,10,,2,235,35405,6,25,33,57,3,35,87,53,117,336,10,203,329,34,30,10,35,
lso,Lesotho,,,,,,,,,,,,,,,,,,,,,,,,,,,,,,,,,,,,,,,,,,,,,,,,,,,,,,,,,,,,,,,,,,,,,,,,,,,,,,,,,,,,,,,,18,,,22,,,,,,,,,,,1,,,,,,,,,,26,,,,,,,,,,,
ltu,Lithuania,,,,,,,,,,,,,,,,,,,,,,,,,,,,,,,,,,,,,,,,,,,,,,,,,,,,,,,,,,,,,,,,,,,,,,,,,,,,,,,,,,,,,,,,,,,,,,6,,,,,,34,,20,,,,,,,,,9,,30,,,,,,5,,,,
lux,Luxembourg,,,,,,,,,,,,,,,,,,,,,,,,,,,,,,,,,,,,,,,,,,,,,,,,,,,,,,,,,,,,,,,,,,,,,,,,,,,,,,,,,,,,,,,,,,,,,,,,,,,,,,,,170,,,,,,,,,,,,,,,,,,,
lva,Latvia,,,,,,,,,,,,,,,,,,,,,,,,,,,,,,,,,,,,,,,,,,,,,,,,,,,,,,,,,,,,,,,,,,,,,,,,,,,,,,,,,,,,,,,,,,,,,,,,,,,,6,,21,,15,,40,,,,,,,10,,,,,,,,,,
mar,Morocco,,,,,,,,,,100,,,,,,,,,,,,,,,,,,,,,,,,,,,,,,,,,,,,,,,,,,131,,,30,,,,,,12000,,,169,76,75,,,,11,11,,,,,10,,,,16,,,1,,,,,,31,,,,,,,791,39,60,,,6,15,80,35,628,1,17,,39,29,42,,,,60,,,,,39,,24,
mda,Moldova,,,,,,,,,,,,,,,,,,,,,,,,,,,,,,,,,,,,,,,,,,,,,,,,,,,,,,,,,,,,,,,,,,,,,,,,,,,,,,,,,,,,,,,,,,,,,,,50,,,9,,,2,,1,,,13,,,3,,1,,10,,,,,,,,,,
mdg,Madagascar,,,,,,,,,,,,,,,,,,,,,,,,,,,,,,,,,,,,,,,,,,,,,,,,,,,,,,,,,,,,,,,,,,,,,29,81,70,,91,,,7,16,10,70,,,107,92,42,68,,99,,200,46,,36,,,212,,9,174,,,153,,23,105,395,107,4,91,105,27,120,35,112,51,17,121,,81,94,17,44,2,58
mdv,Maldives,,,,,,,,,,,,,,,,,,,,,,,,,,,,,,,,,,,,,,,,,,,,,,,,,,,,,,,,,,,,,,,,,,,,,,,,,,,,,,,,,,,,,,,,,,,,,,,,,,,,,,,,,102,,,,,,,,,,,,,,,,,,
mex,Mexico,,,,,,,,,,,,45,,,,,,,,,648,,,,,,,,,60,,,400,,,,,34,,,,,,,,,,,,1000,,50,140,,100,800,,160,,2985,,436,50,,45,27,14,111,73,76,35,17,37,686,13,29,720,10,15,5,171,103,369,325,4,9500,20,18,311,43,463,36,83,103,,283,16,567,849,724,236,26,103,70,52,88,41,58,36,32,182,125,21,223,22,42,90,498,40,16,82,71,
mkd,North Macedonia,,,,,,,,,,,,,,,,,,,,,,,,,,,,,,,,,,,,,,,,,,,,,,,,,,,,,,,,,,,,,,,,,,,,,,,,,,,,,,,,,,,,,,,,,,,,,,,,,,,,,,15,,2,15,1,,1,,,,,1,1,,7,22,3,,,,1,
mli,Mali,,,,,,,,,,,,,,,,,,,,,,,,,,,,,,,,,,,,,,,,,,,,,,,,,,,,,,,,,,,,,,,,,,,,,,,,,,,,,,,,,,,,,,,,,17,1,,,,,,,,,3,2,15,2,2,,,,1,18,,25,,1,,37,,5,13,,,15,,,
mlt,Malta,,,,,,,,,,,,,,,,,,,,,,,,,,,,,,,,,,,,,,,,,,,,,,,,,,,,,,,,,,,,,,,,,,,,,,,,,,,,,,,,,,,,,,,,,,,,,,,,,,,,,,,,,,,,,,,,,,,,,,,,,,,
mmr,Myanmar,,,600,,,,,,,,,,,,,,,,,,,,,6,,,2700,,,,586,,,,,,1000,,,,,15,,,,,,,,,,,,,,,,,,,,,,,,134,,278,1070,,90,,,,,200,,3,,,,8,11,,,,,,,,,23,5,,17,51,,68,,22,,51,21,,307,17,59,5,138366,24,113,225,40,23,,213,97,3,67,128,174,,
mne,Montenegro,,,,,,,,,,,,,,,,,,,,,,,,,,,,,,,,,,,,,,,,,,,,,,,,,,,,,,,,,,,,,,,,,,,,,,,,,,,,,,,,,,,,,,,,,,,,,,,,,,,,,,,,,,,,,,,,,1,,,,,,,,,,
mng,Mongolia,,,,,,,,,,,,,,,,,,,,,,,,,,,,,,,,,,,,,,,,,,,,,,,,,,,,,,,,,,1200,,,,,,,,,57,,,,,,,,,,,,,,,,,,,,,,,,36,6,,7,5,,66,,,,23,16,3,15,,,,,52,31,,,,,,,,17,,12,10,12,
moz,Mozambique,,,,,,,,,,,,,,,,,,,,,,,,,,,,,,,,,,,,,,,,,,,,,,,,,,,,,,,,,107,,,,,,,,,,,,,,,500,,,,1,,303,44,,,100000,,,109,8,,50,100,2,,,,,240,,11,35,87,23,832,88,3,58,,16,4,64,83,,5,23,33,119,22,160,75,7,28,704,24,11,25
mrt,Mauritania,,,,,,,,,,,,,,,,,,,,,,,,,,,,,,,,,,,,,,,,,,,,,,,,,,,,,,,,,,,,,,,,,,,,,,,,,,,,,,,,,,,,,,,,,,,,4,,,,,,,,1,,,25,9,,,7,3,,1,,,,8,,,,18,,3,9,,
mus,Mauritius,,,,,,,,,,,,,,,,,,,,,,,,,,,,,,,,,,,,,,,,,,,,,,,,,,,,,,,,,,,,,42,,,,,,,,,,,,2,,,9,,,,5,,,,1,,,,,,1,,,,,2,,3,,,,,,3,,,,,2,,,,,,11,,,,,,,,,
mwi,Malawi,,,,,,,,,,,,,,,,,,,,,,,,,,,,,,,,,,,,,,,,,,,,,,,,,,,,,,,,,,,,,,,,,,,,,,,,,,,,,,,,,,,,,,,,,,22,,472,,,,1,,,4,,,59,509,12,,12,8,2,,4,,4,4,3,,283,12,,5,68,1,13,53
mys,Malaysia,,,,,,,,,,,,,,,,,,,,,,,,,,,,,,,,,,,,,,,,,,,,,,,,,,,,,,,,,,,,,,,,,,6,,50,21,,61,,,,,,,,,,,,,10,,,11,3,27,,,,,102,,20,320,2,,1,12,11,12,8,97,13,6,46,,,,18,,4,17,25,,9,2,2,,71,
nam,Namibia,,,,,,,,,,,,,,,,,,,,,,,,,,,,,,,,,,,,,,,,,,,,,,,,,,,,,,,,,,,,,,,,,,,,,,,,,,,,,,,,,,,,,,,,,,,,,,,,,,,,,,,,2,,,5,7,42,92,8,108,,,,,,,,,,,
ner,Niger,,,,,,,,,,,85000,,,,,,,,,,,,,,,,,,,,,,,,,,,,,,,,,,,,,,,,,,,,,,,,,,,,,,,,,,,,,,,,,,,,,,,,,,,,,,20,,,,,,60,,,,,14,2,4,4,7,,,4,7,7,3,5,16,91,32,48,27,61,72,36,52,83,70,
nga,Nigeria,,,,,,,,,,,,,,,,,,,,,,,,,,,,,,,,,,,,,,,,,,,,,,,,,,,,,,,,,,,,,,,,,,,,,,,,,,,,,,,100,,,,,,,,,,130,,,,18,,30,,,,15,189,36,200,60,16,94,60,40,91,,31,40,185,378,19,15,53,46,20,300,36,189,4,
nic,Nicaragua,,,,,,,,,,,,,,,,,,,,,,,,,,,,,,,1000,1000,,,,,,,,,,,,,,,,,,,,500,,,,,,,,,325,,,,,,,,,,,35,10000,,,,16,,,,,,71,,,,,,130,,4,,180,37,,38,44,,3332,11,9,16,2,,29,7,,198,30,,71,17,9,27,2,2,,22,4,,20,,
nld,Netherlands,,,,,,,,,,,,,,,,,,,,,,,,,,,,,,,,,,,,,,,,,,,,,,,,,,,,,,2000,,,,,,,,,,,,,,,,,,,,,,,,,,,,,,,,,,,,,20,,,1,,1,,2,,,,,4,965,,,1000,7,,,,,1,2,,,,,3,400,400,,
nor,Norway,,,,,,,,,,,,,,,,,,,,,,,,,,,,,,,,,,,,,73,,,,,,,,,,,,,,,,,,,,,,,,,,,,,,,,,,,,,,,,,,,,,,,,,,,,,,,,,,,1,,,,,,,,,,,,,,,,4,,,,,,,,1,10,,
npl,Nepal,,,,,,,,,,,,,,,,,,,,,,,,,,,,,,,,,,,,,,,,,,,,,,,,,,,,,,,60,,,,,,,,,150,,,80,,276,,371,,105,,,125,150,,130,,100,750,92,207,200,46,23,188,912,49,30,57,56,1076,,320,808,20,310,202,144,144,532,287,185,69,157,214,115,145,150,182,132,195,573,9034,174,198,65,147,448,251,
nzl,New Zealand,,,,,,,,,,,,,,,,,,,,,,,,,,,,,,17,,256,,,,,,,21,,,,,,,,,,,,,,,150,,,,,,,,,,,,,,,53,,,,,,,,,,,,,,,,,4,1,1,7,,,,,,,,1,3,,,,,,2,4,,,,,,,182,3,,,1,2,,,21,,1,
omn,Oman,,,,,,,,,,,,,,,,,,,,,,,,,,,,,,,,,,,,,,,,,,,,,,,,,,,,,,,,,,,,,,,,,,,,,,,,,,,,,,107,,,,26,,,,,,,,,,,,,,,,,,,,,7,30,,,,76,,,16,14,,,,,2,3,6,6,3,13,
pak,Pakistan,,,,,,,,,,231,,,,,,,,,,,,,,,,,,,,,,,,,,60000,,,,,,,,,,4000,,,,,2900,,,111,346,12,270,75,,148,,,,,450,10000,,32,,,,,100,474,4700,14,338,848,393,83,93,394,68,158,43,5,11,,282,20,40,872,1541,682,352,1063,187,362,1026,446,24,257,203,529,29,74162,513,911,249,102,2186,511,671,730,410,1892,409,215,240,361,630,54,22
pan,Panama,,,,,,,,,,,,,,,,,,,,,,,,,,,,,,,,,,,,,,,,,,,,,,,,,,,,,,,,,,,,,,,,,1,,20,,,,48,,,7,,,,,19,,,,,,1,,2,,30,,,42,12,,,1,,,3,1,1,,5,2,16,3,11,2,28,,15,,6,,9,,7,7,,,94,1,
per,Peru,,,,,,,,,,,,,,150,34,,,,,,,,,,,,,,,,,,,,,,,,,37,179,5000,30,200,,,1400,233,,,213,,,9,,,,,28,,63,,2101,,,60,120,25,11,150,66838,850,12,500,398,,,21,2,13,77,158,535,623,7,150,118,268,118,38,294,89,,86,85,20,21,818,45,115,33,186,82,361,101,5,,677,40,577,497,109,288,69,554,30,7,200,2,78,30,23,
phl,Philippines,,,,,,240,,,,,,1335,,,,,,,100,,,,,,,17,,,,,,,147,,85,,517,232,305,,73,,,,,,260,,72,1000,84,1312,1014,,13,544,129,89,,29,703,,197,1,636,392,18,107,353,11,3816,246,1088,363,297,39,6405,129,692,62,264,1552,596,158,2679,567,179,1094,842,521,3330,6793,180,671,418,1725,83,67,604,370,747,630,320,350,1918,39,2984,129,959,1307,376,1933,2385,7750,331,201,87,233,313,180,202,500,
plw,Palau,,,,,,,,,,,,,,,,,,,,,,,,,,,,,,,,,,,,,,,,,,,,,,,,,,,,,,,,,,,,,,,,,,,,,,,,,,,,,,,,,,,,,,,,,,,,,,,,,,,,,,,,,,,,,,,,,,,,,,,,,,,
png,Papua New Guinea,,,,,,,,,,,,,,,,,,,,,,,,,,,,,,,,,,,,,,506,,,,,,,,,,,,,,6000,,,,,,,,,,,,,,,,,,,15,100,,,,,,,,13,,,,66,,,,1,76,,,200,,68,5,,42,92,2182,2,2,,41,13,,2,16,172,10,19,,,65,,,24,,,181,12,42,,
pol,Poland,,,,,,,,,,,,,,,,,,,,,,,,,,,,,82,,,,,,,,,,,,,,,,,,,,,,,,,,,,,,,,,,,,,,,,,,,,,,,,,,,,,,,,,,,,,,,,35,,1,,,105,73,157,84,297,192,,,193,,19,84,307,219,26,274,29,78,78,23,6,9,4,3,4,
prk,North Korea,,,,,,,,,,,,,,,,,,,,,,,,,,,,,,,,,,,,,,,,,,,,,,,,,,,,,,,,,,,,,,,,,,,,,,,,,,,,,,,,,,,,,,,,315,,,,,,6,,68,116,,50,42,46,124,3,,24,193,278,610,,,20,74,147,51,,33,552,,234,5,22,,
prt,Portugal,,,,,,,,,,30,,,,,,,,,,,,,,,,,,,,,,,,,,,,,,,,120,,,,,,,,,,,,,,,,,,,,,,,,,25,462,,2,,,,11,,,,,,23,,30,,19,,14,15,,,,,,,,,,10,29,,,4,6,1,2710,2,477,41,,2,,46,,,10,1,1,4,109,2,2,,,
pry,Paraguay,,,,,,,,,,,,,,,,,,,,,,,,,,,,,,,,,,,,,,,,,,,,,,,,,,,,,,,,,,,,,,,,,,6,,,,,,,,,,,,,,,,,,76,,,,,,,,,,,,,,33,55,12,8,,,,,,,8,4,,12,,5,,,14,,,,40,,10,
pse,Palestine,,,,,,,,,,,,,,,,,,,,,,,,,,,,,,,,,,,,,,,,,,,,,,,,,,,,,,,,,,,,,,,,,,,,,,,,,,,,,,,,,,,,,,,,,,,,,,,,,,,,,,,,,,,,,,,,,,6,,4,,,,,3,,
qat,Qatar,,,,,,,,,,,,,,,,,,,,,,,,,,,,,,,,,,,,,,,,,,,,,,,,,,,,,,,,,,,,,,,,,,,,,,,,,,,,,,,,,,,,,,,,,,,,,,,,,,,,,,,,,,,,,,,,,,,,,,,,,,,
rou,Romania,,,,,,,,,,,,,,,,,,,,,,,,,,,1000,,6,,,,,,,,,,,,980,,,,,,,,,,,,,,,,,,,,,,,,,,,,,,215,,,,,60,,1641,,,,,,,,,,,,,9,108,,3,2,2,16,32,111,34,29,17,19,3,49,163,77,80,48,22,78,,86,9,17,1,3,9,2,4,3,1,
rus,Russia,,,,,,,,,,,,,,,,,,,,,,,,,,,,,,,,,,,,,,,,,,,,,,,,,,,,,,,,,,,,,,,,,,,,,,,,,,,,,,,,,,,,,,,,,,,,,31,478,111,2379,23,38,94,175,284,798,572,3,36,147,,2,13,,55844,1,415,4,6,31,,16,10,59,,14,
rwa,Rwanda,,,,,,,,,,,,,,,,,,,,,,,,,,,,,,,,,,,,,,,,,,,,,,,,,,,,,,,,,,,,,,,,,,,,,,,,,,,,,,,,,,,,,,,,,48,237,,,,,,,,,,,,12,114,,,,24,30,36,,21,14,5,,,2,117,3,76,28,111,,
sau,Saudi Arabia,,,,,,,,,,,,,,,,,,,,,,,,,,,,,,,,,,,,,,,,,,,,,,,,,,,,,,,,,,,,,,,,,20,,,,,,,,,,,,,,,,,,,,,32,,,,,,,,,,,,,,,,,19,12,5,63,,,,161,24,11,19,39,,23,24,4,,20,3,,
sdn,Sudan,,,,,,,,,,,,,,,,,,,,,,,,,,,,,,,,,,,,,,,,,,,,,,,,,,,,,,,,,,,,,,,,,,,,,,,,,,,,,,,34,,,,,150000,,,,,96,,,,,24,8,,152,8,150,38,,3,33,20,,5,27,150,,20,36,20,35,76,39,36,171,25,46,78,155,52,
sen,Senegal,,,,,,,,,,,,,,,,,,,,,,,,,,,,,,,,,,,,,,,,,,,,,,,,,,,,,,,,,,,,,,,,,,,,,,,,,,,,,,,,,,,,,,,,,,,,,,,,,,,,187,,,28,8,2,,,8,1,6,2,,19,8,,,5,,,6,7,,
sgp,Singapore,,,,,,,,,,,,,,,,,,,,,,,,,,,,,,,,,,,,,,,,,,,,,,,,,,,,,,,,,,,,,,,,,,,,,,,,,,,,,,,,,,,,,,,,,,,,,,,,,,,,,,,,,,,,,,,,,,,,,,,,,,,
slb,Solomon Islands,,,,,,,,,,,,,,,,,,,,,,,,,,,,,,,,50,,,,,,,,,,,,,,,,,,,,,,,,,200,,,,,,,,,,3,12,1,,,,,,,200,,52,,2,,,,,,,101,,1,,,,,4,,,,,,,,,,,,,,52,,21,2,,,10,47,9,,,,,28,,
sle,Sierra Leone,,,,,,,,,,,,,,,,,,,,,,,,,,,,,,,,,,,,,,,,,,,,,,,,,,,,,,,,,,,,,,,,,,,,,,,,,,,,1,,,,,,,,,60,,,,,,,,,,,,12,,,13,,,,,10,20,,,,103,16,21,,,,10,,1102,,7,,,
slv,El Salvador,,,,,,,,,,,,,,,,,,,,,,,,,,,,,,,,,,,2000,,400,,,,,,,,,,,,,,,1100,,,,,,,,,,,,,,125,,,,2,,,,,,,,,,,,,520,,,,1100,,55,10,,,2,22,,8,12,4,475,7,3,1159,1,,,120,1,2,30,275,17,35,,,,13,,10,4,1,75,5,
som,Somalia,,,,,,,,,,,,,,,,,,,,,,,,,,,,,,,,,,,,,,,,,,,,,,,,,,,,,,,,,,,,,,200,,,50,,,,,,,,,19000,,,,,,,,5,,,,,,600,,34,,,,,130,20,3,2311,,21,,,,1,298,14,102,25,,,20011,,31,169,,,9,,58,23,41,25,
srb,Serbia,,,,,,,,,,,,,,,,,,,,,,,,,,,,,,,,,,,,,,,,,,,,,,,,,,,,,,,,,,,,,,,,,,,,,,,,,,,,,,,,,,,,,,,,,,,,,,,,,,,,,,,,,,,,,,,9,,25,,56,,,6,,,,,
ssd,South Sudan,,,,,,,,,,,,,,,,,,,,,,,,,,,,,,,,,,,,,,,,,,,,,,,,,,,,,,,,,,,,,,,,,,,,,,,,,,,,,,,,,,,,,,,,,,,,,,,,,,,,,,,,,,,,,17,,,,47,99,,,,,,53,,7,
stp,Sao Tome and Principe,,,,,,,,,,,,,,,,,,,,,,,,,,,,,,,,,,,,,,,,,,,,,,,,,,,,,,,,,,,,,,,,,,,,,,,,,,,,,,,,,,,,,,,,,,,,,,,,,,,,,,,,,,,,,,,,,,,,,,,,,,8,
sur,Suriname,,,,,,,,,,,,,,,,,,,,,,,,,,,,,,,,,,,,,,,,,,,,,,,,,,,,,,,,,,,,,,,,,,,,,,,,,,,,,,,,,,,,,,,,,,,,,,,,,,,,,,,,,,,3,,2,,,,,,,,,,,,,,
svk,Slovak Republic,,,,,,,,,,,,,,,,,,,,,,,,,,,,,,,,,,,,,,,,,,,,,,,,,,,,,,,,,,,,,,,,,,,,,,,,,,,,,,,,,,,,,,,,,,,,,,,,,,,54,2,6,1,,,3,1,1,1,,,126,,5,1,,,,,,1,1,1,
svn,Slovenia,,,,,,,,,,,,,,,,,,,,,,,,,,,,,,,,,,,,,,,,,,,,,,,,,,,,,,,,,,,,,,,,,,,,,,,,,,,,,,,,,,,,,,,,,,,,,,,,,,,,,,,,289,1,,,6,,,,,,,4,,,,,,1,,
swe,Sweden,,,,,,,,,,,,,,,,,,,,,,,,,,,,,,,,,,,,,,,,,,,,,,,,,,,,,,,,,,,,,,,,,,,,,,,,,,,,,,13,,,,,,,,11,,,,,,,,,,,,,,3,,,1,,,7,,,,,,,,7,,,,,,,1,,
swz,Eswatini,,,,,,,,,,,,,,,,,,,,,,,,,,,,,,,,,,,,,,,,,,,,,,,,,,,,,,,,,,,,,,,,,,,,,,,,,,,,,,,,,,500,,,53,,,,,,,,,,,,,,,,,,,,,,1,2,,,,,,,11,,,,,,,,
syc,Seychelles,,,,,,,,,,,,,,,,,,,,,,,,,,,,,,,,,,,,,,,,,,,,,,,,,,,,,,,,,,,,,,,,,,,,,,,,,,,,,,,,,,,,,,,,,,,,,,,,,,5,,,,,,,3,,,,,,,,,,,,,,,,,,
syr,Syria,,,,,,,,,,,,,,,,,,,,,,,,,,,,,,,,,,,,,,,,,,,,,,,,,,,,,,,,,,,,,,,,,,,,,,,,,,,,,,,,,,,,,,,,,,,,,,,,,,,,,,27,80,,5,,6,,,,,,,,,13,,,,2,3,1,1
tcd,Chad,,,,,,,,,,,,,,,,,,,,,,,,,,,,,,,,,,,,,,,,,,,,,,,,,,,,,,,,,,,,,,,,,,,,,,,,,,,,,,13,,,3000,,,,,,,,54,,,39,,,,2,,,,,,100,,,,,52,29,,6,24,,20,,,,,,,52,3,32,
tgo,Togo,,,,,,,,,,,,,,,,,,,,,,,,,,,,,,,,,,,,,,,,,,,,,,,,,,,,,,,,,,,,,,,,,,,,,,,,,,,,,,,,,,,,,,,,,,,,,,,,3,,,,,,,,,,,,41,6,,22,,,,,,,,,,11,,
tha,Thailand,,,,,,,,,,,,,,,,,,,,,,,,,,,,,,,,,,,,,,,,,,,,,,,,,,,,,,,,,,,,,,,769,,,,6,,,,,,,,,239,,,146,,57,55,,50,17,18,42,24,664,458,36,55,6,45,130,258,100,212,,22,109,222,190,9,8375,86,280,53,39,15,258,896,,84,93,3,35,150,,26,44,16,
tjk,Tajikistan,,,,,,,,,,,,90,,,,,,,,,,,,,,,,,,,175,,,,,,,,,,,,,,,,,,,,,,,,,,,,,,,,,,,,,,,,,,,,,,,,,,,,,,,,,,,,,,1601,5,,,,40,62,27,,1,35,7,,24,25,49,,21,75,,3,,20,12,4,13,6,4,2,24,
tkm,Turkmenistan,,,,,,,,,,,,,,,,,,,,,,,,,,,,,,,,,,,,,,,,,,,,,,,,,,,,,,,,,,,,,,,,,,,,,,,,,,,,,,,,,,,,,,,,,,,,,,,,,,,,,11,,,,,,,,,,,,,,,,,,,,,,
tls,Timor-Leste,,,,,,,,,,,,,,,,,,,,,,,,,,,,,,,,,,,,,,,,,,,,,,,,,,,,,,,,,,,,,,,,,,,,,,,,,,,,,,,,,,,,,,,,,,,,,,,,,,,,,,1,,3,,,,1,,,,,,,,,,,,,3,41,
ton,Tonga,,,,,,,,,,,,,,,,,,,,,,,,,,,,,,,,,,,,,,,,,,,,,,,,,,,,,,,,,,,,,,2,,,,,,,,,,,,3,,,,1,,,,,7,,,,,,,,1,,,,,,,,,,,,,,,,,,,9,,,,,1,,,,,,,,3
tto,Trinidad and Tobago,,,,,,,,,,,,,,,,,,,,,,,,,,,,,,,,,,13,,,,,,,,,,,,,,,,,,,,,,,,,,,,,,24,,,,,,,,,,,2,,,,,,,,,,,,,,,,,,,5,,,,,,,,,,,3,,,,,,,,,,,,,,,,,,
tun,Tunisia,,,,,,,,,,,,,,,,,,,,,,,,,,,,,,,,,,,,,,,,,,,,,,,,,,,,,,,,,,13,,,,,40,,49,,,,,540,,,,111,,,,,,,,,117,,,,23,,,,37,,,,,,,,,,,,,12,,,,16,,17,,,,,,,,,13,,6,3,
tur,Turkey,140,,,6260,,,,,,,,,923,,4000,,,,,,,,,,110,203,,,50,,,,,,120,540,,,149,33035,53,445,3033,5140,4007,600,852,,332,320,20,54,217,1237,,,138,152,,,,,,,23,,2430,280,171,53,1086,935,30,,33,2385,3913,30,,,115,10,,1346,6,13,15,30,77,,69,43,914,135,30,231,,,239,17982,16,50,86,186,85,43,59,19,2,62,64,655,13,7,,17,,,24,19,233,79,
tuv,Tuvalu,,,,,,,,,,,,,,,,,,,,,,,,,,,,,,,,,,,,,,,,,,,,,,,,,,,,,,,,,,,,,,,,,,,,,,,,,6,,,,,,,,,,,,,,,,,,,,,,,,,,,,,,,,,,,,,,,,,,,,,,,,,,
tza,Tanzania,,,,,,,,,,,,,,,,,,,,,,,,,,,,,,,,,,,,,,,,,,,,,,,,,,,,,,,,,,,,,,,,,4,,,,40,,,,,,25,,,,,,,,,,,,,,,10,189,,,54,35,3,,83,61,,37,18,11,,10,3,,,73,38,,37,10,,31,59,33,7,15,47,43,1,
uga,Uganda,,,,,,,,,,,,,,,,,,,,,,,,,,,,,,,,,,,,,,,,,,,,,,,,,,,,,,,,,,,,,,,,,,,104,,,,,,,,,,,,,,,,,,,,,,,,,,,,7,,,120,,115,,12,96,25,,,3,33,49,,388,50,18,13,,,19,17,51,215,35,5,
ukr,Ukraine,,,,,,,,,,,,,,,,,,,,,,,,,,,,,,,,,,,,,,,,,,,,,,,,,,,,,,,,,,,,,,,,,,,,,,,,,,,,,,,,,,,,,,,,,,,,,,9,,,,11,18,,10,9,,,,801,2,,43,27,6,,195,2,,,40,37,,,19,1,
ury,Uruguay,,,,,,,,,,,,,,,,,,,,,,,,,,,,,,,,,,,,,,,,,,,,,,,,,,,,,,,,,,,,,,,,,,,,8,,,,,,,,,,,,,,,,,,,,,,,,,,,,,,1,1,1,7,,2,,,7,,2,,1,4,,,,,2,8,,,,,,
usa,USA,6000,,,348,,,998,,,463,30,,,732,,531,,,1034,500,224,,,,,765,268,333,1836,,,,372,156,,408,1848,137,800,,59,,,,511,196,198,308,97,95,305,110,293,468,223,546,243,469,139,99,111,146,158,379,423,577,552,275,159,830,37,223,903,128,352,102,139,231,242,186,1398,60,514,332,545,375,62,239,27,259,211,132,98,442,275,879,360,252,366,485,162,153,230,231,219,1973,326,333,303,145,138,809,318,212,205,328,269,336,290,152,253,786,
uzb,Uzbekistan,,,,,,,,,,,,,,,,,,,,,,,,,,,,,,,,,,,,,,,,,,,,,,,,,,,,,,,,,,,,,,,,,,,,,,,,,,,,,,,,,,,,,,,,,,,,,10,,,,,,,24,,,,,,,,,,,,13,,,,,,,,,4,8,
vct,St. Vincent and the Grenadines,,,1565,,,,,,,,,,,,,,,,,,,,,,,,,,,,,,,,,,,,,,,,,,,,,,,,,,,,,122,,,,,,,,,,,,2,,,,,,,,,,,,2,,,,,,,,,,,,,3,,,,,,,,,,4,,,,,,,,,,,12,,,1,,,,,,
ven,Venezuela,,,,,,,,,,,,,,,,,,,,,,,,,,,,,,,,,,,,,,,,,,,,,,,,,,,100,,,,,,,,,,,,30,,,,,240,,,,,,,,,,,,,,20,,,,38,3,136,77,,,,,100,44,,,83,,30005,15,,4,1,40,97,,,8,,49,17,,,,,,,2,6,3,46,
vnm,Vietnam,,,,,,,,,,,,,,,,,,,,,,,,,,,,,,,,,,,,,,,,,,,,,,,,,,,,,,1000,,,56,,,,,,,,7400,,31,,,,237,112,,100,,,,,74,,402,,70,734,188,891,600,123,157,959,184,492,287,270,361,269,1011,3692,413,799,592,392,147,128,189,308,579,326,411,356,221,138,72,215,38,52,162,284,134,59,310,27,
vut,Vanuatu,,,,,,,,,,,,,,,,,,,,,,,,,,,,,,,,,,,,,,,,,,,,,,,,,,,,100,,,,,,,,,,,,,,,,,,,,,4,,,,,,,,,,,,,9,,48,1,,,,2,4,,,,,,44,,2,,,2,,,,,,,,,,12,11,,,,,5,,
wsm,Samoa,,,,,,,,,,,,,,,,,,,,,,,,,,,,,,,,,,,,,,,,,,,,,,,,,,,,,,,,,,,,,,,,,250,,10,,,,,,,,,,,,,,,,,,,,,,,,8,13,,,,,,,,,,,,,1,9,,,,148,,,12,,,,,,,,,,
yem,Yemen,,,,,,,,,,,,,,,,,,,,,,,,,,,,,,,,,,,,,,,,,,1200,,,,,,,,,,,,,,,,,,,,,,,,,,,,,,,,60,,52,,,,,,,1507,,,,,,,38,,10,,31,,,345,,70,,,63,53,15,,87,30,99,90,11,22,,,40,,26,40,50,49,26,65,24,
zaf,South Africa,,,,,,,,,,,,,,,,,,,,,,,,,,,,,,,,,,,,,,,,,,,,,,,,,,,,,35,,,,,,,51,,,,,,,,,,9,,,,,26,,,4,26,,,104,,10,64,,,506,25,,12,5,,19,2,207,98,15,43,57,94,50,42,1,,2,12,48,50,33,40,46,13,3,33,,24,32,,102,13,41,
zmb,Zambia,,,,,,,,,,,,,,,,,,,,,,,,,,,,,,,,,,,,,,,,,,,,,,,,,,,,,,,,,,,,,,,,,,,,,,,,,,,,,,,11,,,,,,,,,,,,,,,,,,,,,,,5,,4,2,,,14,4,31,9,,,,,,,,,4,3,,
zwe,Zimbabwe,,,,,,,,,,,,,,,,,,,,,,,,,,,,,,,,,,,,,,,,,,,,,,,,,,,,,,,,,,,,,,,,,,,,,,,,,,,,11,,,,,,,,,,,,,,,,,,,,,,,36,,70,13,,10,,,,27,,,,,,125,14,10,31,251,,654,,3,
